collector_key;uf;url;filename;is_active;wp_title;wp_description;wp_content;acf_subtitulo;acf_origem;acf_frequencia;acf_formato;acf_tratamento;css_selector
al_cvli;AL;https://seguranca.al.gov.br/?page_id=13494;;1;Microdados de Crimes Violentos Letais Intencionais (CVLI) de Alagoas;Base de dados de Crimes Violentos Letais Intencionais (CVLI) de Alagoas, com registros de ocorrências a partir de 2012.;Conjunto de dados contendo registros de Crimes Violentos Letais Intencionais (CVLI) no estado de Alagoas, abrangendo o período a partir de 2012. A base reúne informações sobre ocorrências de homicídio doloso, latrocínio, lesão corporal seguida de morte e outros crimes letais, permitindo análises temporais, geográficas e estatísticas relacionadas à segurança pública no estado. Os dados são disponibilizados pela Secretaria de Estado da Segurança Pública de Alagoas (SSP/AL) e atualizados periodicamente para apoiar estudos, transparência pública e formulação de políticas de combate à violência.;;Secretaria de Estado da Segurança Pública de Alagoas;Mensal;13;Dados originais;a[href$='.csv']
ce_incendio;CE;https://www.ce.gov.br/sspds/estatisticas/dados-detalhados/;;0;Incêndios no estado do Ceará;Base de dados sobre ocorrências de incêndios registradas no estado do Ceará.;;;Secretaria de Segurança Pública e Defesa da Cidadania do Ceará;Mensal;14;Dados originais;a[href*='Incendio'][href$='.xlsx']
ce_salvamento;CE;https://www.ce.gov.br/sspds/estatisticas/dados-detalhados/;;0;Busca e salvamento no estado do Ceará;Base de dados sobre ocorrências de busca e salvamento registradas no estado do Ceará.;;;Secretaria de Segurança Pública e Defesa da Cidadania do Ceará;Mensal;14;Dados originais;a[href*='Salvamento'][href$='.xlsx']
ce_animais;CE;https://www.ce.gov.br/sspds/estatisticas/dados-detalhados/;;0;Crime de maus-tratos a animais no estado do Ceará;Base de dados sobre ocorrências de maus-tratos a animais registradas no estado do Ceará.;;;Secretaria de Segurança Pública e Defesa da Cidadania do Ceará;Mensal;14;Dados originais;a[href*='Animais'][href$='.xlsx']
ce_arma_de_fogo;CE;https://www.ce.gov.br/sspds/estatisticas/dados-detalhados/;;0;Apreensão de armas de fogo no estado do Ceará;Base de dados sobre apreensões de armas de fogo realizadas no estado do Ceará.;;;Secretaria de Segurança Pública e Defesa da Cidadania do Ceará;Mensal;14;Dados originais;a[href*='Fogo'][href$='.xlsx']
ce_crimes_sexuais;CE;https://www.ce.gov.br/sspds/estatisticas/dados-detalhados/;;0;Crimes sexuais no estado do Ceará;Base de dados sobre ocorrências de crimes sexuais registradas no estado do Ceará.;;;Secretaria de Segurança Pública e Defesa da Cidadania do Ceará;Mensal;14;Dados originais;a[href*='Sexuais'][href$='.xlsx']
ce_cvp;CE;https://www.ce.gov.br/sspds/estatisticas/dados-detalhados/;;0;Crimes violentos contra o patrimônio – CVP - no estado do Ceará;Base de dados sobre Crimes Violentos contra o Patrimônio (CVP) registrados no estado do Ceará.;;;Secretaria de Segurança Pública e Defesa da Cidadania do Ceará;Mensal;14;Dados originais;a[href*='CVP'][href$='.xlsx']
ce_entorpecente;CE;https://www.ce.gov.br/sspds/estatisticas/dados-detalhados/;;0;Apreensão de entorpecentes no estado do Ceará;Base de dados sobre apreensões de entorpecentes realizadas no estado do Ceará.;;;Secretaria de Segurança Pública e Defesa da Cidadania do Ceará;Mensal;14;Dados originais;a[href*='Entorpecente'][href$='.xlsx']
ce_furto;CE;https://www.ce.gov.br/sspds/estatisticas/dados-detalhados/;;0;Furto no estado do Ceará;Base de dados sobre ocorrências de furto registradas no estado do Ceará.;;;Secretaria de Segurança Pública e Defesa da Cidadania do Ceará;Mensal;14;Dados originais;a[href*='Furto'][href$='.xlsx']
ce_homofobia_e_transfobia;CE;https://www.ce.gov.br/sspds/estatisticas/dados-detalhados/;;0;Homofobia e transfobia no estado do Ceará;Base de dados sobre ocorrências de homofobia e transfobia registradas no estado do Ceará.;;;Secretaria de Segurança Pública e Defesa da Cidadania do Ceará;Mensal;14;Dados originais;a[href*='Homofobia'][href$='.xlsx']
ce_indigenas;CE;https://www.ce.gov.br/sspds/estatisticas/dados-detalhados/;;0;Indígenas vítimas de crimes no estado do Ceará;Base de dados sobre indígenas vítimas de crimes registrados no estado do Ceará.;;;Secretaria de Segurança Pública e Defesa da Cidadania do Ceará;Mensal;14;Dados originais;a[href*='Indigenas'][href$='.xlsx']
ce_lei_maria_da_penha;CE;https://www.ce.gov.br/sspds/estatisticas/dados-detalhados/;;0;Lei 11.340/06 (Lei Maria da Penha) no estado do Ceará;Base de dados sobre ocorrências relacionadas à Lei Maria da Penha registradas no estado do Ceará.;;;Secretaria de Segurança Pública e Defesa da Cidadania do Ceará;Mensal;14;Dados originais;a[href*='Penha'][href$='.xlsx']
ce_crime_raca_ou_cor;CE;https://www.ce.gov.br/sspds/estatisticas/dados-detalhados/;;0;Crime ou preconceito de raça ou de cor no estado do Ceará;Base de dados sobre crimes de racismo e preconceito de raça ou cor registrados no estado do Ceará.;;;Secretaria de Segurança Pública e Defesa da Cidadania do Ceará;Mensal;14;Dados originais;a[href*='Preconceito'][href$='.xlsx']
ce_cvli;CE;https://www.ce.gov.br/sspds/estatisticas/dados-detalhados/;;0;Crimes violentos letais e intencionais – CVLI -  no estado do Ceará;Base de dados sobre Crimes Violentos Letais e Intencionais (CVLI) registrados no estado do Ceará.;;;Secretaria de Segurança Pública e Defesa da Cidadania do Ceará;Mensal;14;Dados originais;a[href*='CVLI'][href$='.xlsx']
ba_cvli;BA;https://www.ba.gov.br/ssp/node/85595;cvli-bahia-2023;1;Crimes violentos letais e intencionais – CVLI -  no estado da Bahia;Base de dados sobre Crimes Violentos Letais e Intencionais (CVLI) registrados no estado da Bahia.;;;Secretaria de Segurança Pública da Bahia;Anual;13;Dados originais;h6 a[href$='.csv']
ba_cvli;BA;https://www.ba.gov.br/ssp/node/85602;cvli-bahia-2024;1;Crimes violentos letais e intencionais – CVLI -  no estado da Bahia;Base de dados sobre Crimes Violentos Letais e Intencionais (CVLI) registrados no estado da Bahia.;;;Secretaria de Segurança Pública da Bahia;Anual;13;Dados originais;h6 a[href$='.csv']
ba_cvli;BA;https://www.ba.gov.br/ssp/node/85610;cvli-bahia-2025;1;Crimes violentos letais e intencionais – CVLI -  no estado da Bahia;Base de dados sobre Crimes Violentos Letais e Intencionais (CVLI) registrados no estado da Bahia.;;;Secretaria de Segurança Pública da Bahia;Anual;13;Dados originais;h6 a[href$='.csv']
ba_cvli;BA;https://www.ba.gov.br/ssp/publicacoes/87698/mortes-violentas-estado-microdados;cvli-bahia-2026;1;Crimes violentos letais e intencionais – CVLI -  no estado da Bahia;Base de dados sobre Crimes Violentos Letais e Intencionais (CVLI) registrados no estado da Bahia.;;;Secretaria de Segurança Pública da Bahia;Mensal;13;Dados originais;h6 a[href$='.csv']
df_feminicio;DF;https://feminicidio.ssp.df.gov.br/extensions/feminicidio/feminicidio.html;;1;Feminicídios no Distrito Federal;Base de dados sobre feminicídios tentados e consumados no Distrito Federal, consolidada a partir de informações do Sistema de Justiça Criminal para subsidiar políticas públicas de prevenção e enfrentamento à violência contra a mulher.;Base de dados sobre feminicídios tentados e consumados no Distrito Federal, produzida pela Câmara Técnica de Monitoramento de Homicídios e Feminicídios (CTMHF) da Secretaria de Segurança Pública do Distrito Federal (SSP/DF). Os dados resultam da análise de informações provenientes de todo o Sistema de Justiça Criminal, abrangendo o acompanhamento dos casos até o trânsito em julgado, o que possibilita diagnósticos criminais e criminológicos mais abrangentes. A base apoia a formulação, monitoramento e avaliação de políticas públicas voltadas à prevenção da violência de gênero e ao enfrentamento do feminicídio nas diferentes Regiões Administrativas do DF.;;Secretaria de Estado de Segurança Pública do Distrito Federal;Mensal;14;Dados originais;a[href$='.xlsx']
es_armas_de_fogo;ES;https://observatorio.sesp.es.gov.br/serie-historica-de-dados;;1;Armas de fogo no Espírito Santo;Base de dados sobre apreensões e ocorrências relacionadas a armas de fogo registradas no Espírito Santo.;;;Secretaria da Segurança Pública e Defesa Social do Espírito Santo;Mensal;14;Dados originais;a.btn[href*='fogo'][href$='.xlsx']
es_roubo_a_pessoa;ES;https://observatorio.sesp.es.gov.br/serie-historica-de-dados;;1;Roubo a pessoas físicas em via pública no Espírito Santo;Base de dados sobre roubos cometidos contra pessoas em vias públicas no Espírito Santo.;;;Secretaria da Segurança Pública e Defesa Social do Espírito Santo;Mensal;14;Dados originais;a.btn[href*='Pessoa'][href$='.xlsx']
es_roubo_em_estabelecimento;ES;https://observatorio.sesp.es.gov.br/serie-historica-de-dados;;1;Roubo em estabelecimentos comerciais no Espírito Santo;Base de dados sobre roubos registrados em estabelecimentos comerciais no Espírito Santo.;;;Secretaria da Segurança Pública e Defesa Social do Espírito Santo;Mensal;14;Dados originais;a.btn[href*='Estabelecimento'][href$='.xlsx']
es_roubo_em_residencia;ES;https://observatorio.sesp.es.gov.br/serie-historica-de-dados;;1;Roubo em residências e condomínios  no Espírito Santo;Base de dados sobre roubos ocorridos em residências e condomínios no Espírito Santo.;;;Secretaria da Segurança Pública e Defesa Social do Espírito Santo;Mensal;14;Dados originais;a.btn[href*='Resid'][href$='.xlsx']
es_feminicidio;ES;https://observatorio.sesp.es.gov.br/serie-historica-de-dados;;1;Feminicídios no Espírito Santo;Base de dados sobre ocorrências de feminicídios registradas no Espírito Santo.;;;Secretaria da Segurança Pública e Defesa Social do Espírito Santo;Mensal;14;Dados originais;a.btn[href*='Femini'][href$='.xlsx']
es_homicidio;ES;https://observatorio.sesp.es.gov.br/serie-historica-de-dados;;1;Homicídios no Espírito Santo;Base de dados sobre homicídios registrados no Espírito Santo.;;;Secretaria da Segurança Pública e Defesa Social do Espírito Santo;Mensal;14;Dados originais;a.btn[href*='Homic'][href$='.xlsx']
es_latrocinio;ES;https://observatorio.sesp.es.gov.br/serie-historica-de-dados;;1;Latrocínios no Espírito Santo;Base de dados sobre ocorrências de latrocínio registradas no Espírito Santo.;;;Secretaria da Segurança Pública e Defesa Social do Espírito Santo;Mensal;14;Dados originais;a.btn[href*='Latroc'][href$='.xlsx']
es_afogamento;ES;https://observatorio.sesp.es.gov.br/serie-historica-de-dados;;1;Afogamentos no Espírito Santo;Base de dados sobre ocorrências de afogamento registradas no Espírito Santo.;;;Secretaria da Segurança Pública e Defesa Social do Espírito Santo;Mensal;14;Dados originais;a.btn[href*='Afogamentos'][href$='.xlsx']
es_desaparecidos;ES;https://observatorio.sesp.es.gov.br/serie-historica-de-dados;;1;Desaparecidos no Espírito Santo;Base de dados sobre registros de pessoas desaparecidas no Espírito Santo.;;;Secretaria da Segurança Pública e Defesa Social do Espírito Santo;Mensal;14;Dados originais;a.btn[href*='Desaparecidos'][href$='.xlsx']
mg_feminicidio;MG;https://www.seguranca.mg.gov.br/index.php/component/sppagebuilder/page/261;;1;Feminicídios em Minas Gerais;Base de dados sobre ocorrências de feminicídios registradas no estado de Minas Gerais.;;;Secretaria de Estado de Justiça e Segurança Pública de Minas Gerais;Mensal;14;Dados originais;a[href*='Feminic'][href$='.xlsx']
mg_violencia_domestica;MG;https://www.seguranca.mg.gov.br/index.php/component/sppagebuilder/page/261;;1;Violência Doméstica e Familiar contra a Mulher em Minas Gerais;Base de dados sobre ocorrências de violência doméstica e familiar contra a mulher registradas no estado de Minas Gerais.;;;Secretaria de Estado de Justiça e Segurança Pública de Minas Gerais;Mensal;14;Dados originais;a[href*='Violencia'][href$='.xlsx']
mg_crime_violento;MG;https://www.seguranca.mg.gov.br/index.php/transparencia/dados-abertos;;1;Crimes Violentos em Minas Gerais;Base de dados sobre ocorrências de crimes violentos registradas no estado de Minas Gerais.;"Crimes Violentos: Soma dos registros de Estupro Consumado; Estupro de Vulnerável Consumado; Estupro de Vulnerável Tentado; Estupro Tentado; Extorsão Consumado; Extorsão Tentado; Extorsão Mediante Sequestro Consumado; Homicídio Tentado; Roubo Consumado; Roubo Tentado; Sequestro e Cárcere Privado Consumado; Sequestro e Cárcere Privado Tentado e Homicídio Consumado (registros). ";;Secretaria de Estado de Justiça e Segurança Pública de Minas Gerais;Mensal;13;Dados originais;a[href*='Violento'][href$='.csv']
mg_vitima_homicidio;MG;https://www.seguranca.mg.gov.br/index.php/transparencia/dados-abertos;;1;Vítimas de Homicídio Consumado em Minas Gerais;Base de dados sobre vítimas de homicídios consumados registradas no estado de Minas Gerais.;;;Secretaria de Estado de Justiça e Segurança Pública de Minas Gerais;Mensal;13;Dados originais;a[href*='Homic'][href$='.csv']
mg_lesao_corporal;MG;https://www.seguranca.mg.gov.br/index.php/transparencia/dados-abertos;;0;Lesões Corporais Consumadas em Minas Gerais;Base de dados sobre ocorrências de lesões corporais consumadas registradas no estado de Minas Gerais.;;;Secretaria de Estado de Justiça e Segurança Pública de Minas Gerais;Mensal;13;Dados originais;a[href*='Lesa'][href$='.csv']
mg_furto;MG;https://www.seguranca.mg.gov.br/index.php/transparencia/dados-abertos;;1;Furtos Consumados em Minas Gerais;Base de dados sobre ocorrências de furtos consumados registradas no estado de Minas Gerais.;;;Secretaria de Estado de Justiça e Segurança Pública de Minas Gerais;Mensal;13;Dados originais;a[href*='Furto%20Consu'][href$='.csv']
mg_estratificacao_roubo;MG;https://www.seguranca.mg.gov.br/index.php/transparencia/dados-abertos;;1;Estratificação de Roubos por Alvo em Minas Gerais;Base de dados sobre roubos registrados em Minas Gerais, classificados conforme o tipo de alvo da ocorrência.;Estratificação de Roubos por Alvo (estabelecimentos comerciais, residências, transporte coletivo, cargas, transeuntes e instituições financeiras) ;;Secretaria de Estado de Justiça e Segurança Pública de Minas Gerais;Mensal;13;Dados originais;a[href*='Alvos%20de%20Rou'][href$='.csv']
mg_estratificacao_furto;MG;https://www.seguranca.mg.gov.br/index.php/transparencia/dados-abertos;;1;Estratificação de Furtos por Alvo em Minas Gerais;Base de dados sobre furtos registrados em Minas Gerais, classificados conforme o tipo de alvo da ocorrência.;Estratificação de Furtos por Alvo (estabelecimentos comerciais, residências, transporte coletivo, cargas, transeuntes e instituições financeiras);;Secretaria de Estado de Justiça e Segurança Pública de Minas Gerais;Mensal;13;Dados originais;a[href*='Alvos%20de%20Furto'][href$='.csv']
mg_veiculo_roubado;MG;https://www.seguranca.mg.gov.br/index.php/transparencia/dados-abertos;;1;Veículos roubados em Minas Gerais;Base de dados sobre ocorrências de roubo de veículos registradas no estado de Minas Gerais.;;;Secretaria de Estado de Justiça e Segurança Pública de Minas Gerais;Mensal;13;Dados originais;a[href*='Veculos%20Roubado'][href$='.csv']
mg_veiculo_furtado;MG;https://www.seguranca.mg.gov.br/index.php/transparencia/dados-abertos;;1;Veículos furtados em Minas Gerais;Base de dados sobre ocorrências de furto de veículos registradas no estado de Minas Gerais.;;;Secretaria de Estado de Justiça e Segurança Pública de Minas Gerais;Mensal;13;Dados originais;a[href*='Veculos%20Furtado'][href$='.csv']
pe_violencia_domestica;PE;https://www.sds.pe.gov.br/estatisticas/indicadores-criminais/violencia-domestica-e-familiar-contra-a-mulher;;1;Violência Doméstica e Familiar contra a Mulher em Pernambuco;Base de dados sobre ocorrências de violência doméstica e familiar contra a mulher registradas no estado de Pernambuco.;"Com ao advento da lei 11.340/06, que cria mecanismos para coibir a violência doméstica e familiar contra a mulher, vários crimes já existentes na legislação penal pátria receberam uma classificação especial, quando o delito for cometido mediante ação ou omissão baseada no gênero, for cometido contra a mulher causando a morte, lesão, sofrimento físico, sexual ou psicológico e dano moral ou patrimonial no âmbito da unidade doméstica, no âmbito da família, ou em qualquer relação íntima de afeto, cuja classificação é regulamentada no âmbito dos órgãos operativos de defesa social de Pernambuco na portaria do Gab/SDS nº 2.028, de 12 de julho de 2011, consoante crimes a seguir: ameaça por violência doméstica/familiar; calúnia por violência doméstica/familiar; cárcere privado por violência doméstica/familiar; constrangimento ilegal por violência doméstica/familiar; dano por violência doméstica/familiar; difamação por violência doméstica/familiar; estupro de vulnerável por violência doméstica/familiar; estupro por violência doméstica/familiar; injúria por violência doméstica/familiar; lesão corporal por violência doméstica/familiar; maus tratos por violência doméstica/familiar; perturbação do sossego por violência doméstica/familiar; perseguição por violência doméstica/familiar; vias de fato por violência doméstica/familiar e outros crimes por violência doméstica/familiar.

Ademais, por causa da vitimização primária, que representa os danos materiais, físicos e psicológicos sofridos pela vítima, muitas vezes ela procura os órgãos policiais alguns dias depois do crime, o que dificulta a divulgação dessa estatística de maneira precisa logo após o fim do mês. 

A quantidade desse indicador será definida pela soma das vítimas distintas em ocorrências consumadas de violência doméstica e familiar contra a mulher. Esta metodologia, implementada em março de 2026, foi aplicada retroativamente a toda a série histórica para garantir a consistência dos dados das ocorrências de todos esses crimes praticados no Estado. 

Por fim, cumpre-nos informar que os microdados contabilizam o total de naturezas criminais registradas, e não o número de mulheres atendidas, além de contemplar as vítimas de ambos os sexos. Neste sentido, uma única vítima pode sofrer diferentes formas de violência em um mesmo episódio (como, por exemplo, sofrer uma lesão corporal por violência doméstica/familiar e uma ameaça por violência doméstica/familiar ao mesmo tempo). Por esse motivo, os números contidos nos microdados são maiores do que os dos arquivos em PDF e do Painel de Indicadores Criminais, que focam apenas na quantidade individual de mulheres que registraram ocorrências.";;Secretaria de Defesa Social de Pernambuco;Mensal;14;Dados originais;a[href$='.xlsx']
pe_mortes_violentas;PE;https://www.sds.pe.gov.br/estatisticas/indicadores-criminais/mortes-violentas-intencionais-mvi;;1;Mortes Violentas Intencionais – MVI - em Pernambuco;Base de dados sobre mortes violentas intencionais registradas no estado de Pernambuco.;"O MVI é um indicador constituído pelos crimes de Homicídio Doloso, Latrocínio, Feminicídio, Lesão Corporal Seguida de Morte, Morte por Intervenção Legal de Agente do Estado, Infanticídio, Extorsão Qualificada pela Morte, Extorsão Mediante Sequestro com Resultado Morte, Estupro com Resultado Morte, Estupro de Vulnerável com Resultado Morte e Maus-Tratos com Resultado Morte. O indicador é importante para dimensionar os casos de letalidade intencional. Estes dados são coletados diariamente no IML, Polícia Científica, Coordenação de Plantão da Polícia Civil, Serviço de Inteligência da PMPE e CIODS, sendo coletados e analisados pela Gerência Geral de Análise Criminal e Estatística (GGACE) de maneira preliminar até o 5° dia do mês subsequente e de maneira consolidada até o 15º do mês subsequente.

Vale ressaltar que essa gerência adota uma metodologia inédita com o propósito de apresentar números mais acurados, cujos instrumentos utilizados são o Boletim de Identificação Cadavérica (BIC), Número de Identificação Cadavérica (NIC) e Pulseira de Identificação Cadavérica (PIC). Com esses instrumentos evita-se a subnotificação e hipernotificação, gerando assim, números fidedignos.";;Secretaria de Defesa Social de Pernambuco;Mensal;14;Dados originais;a[href$='.xlsx']
pe_estrupo;PE;https://www.sds.pe.gov.br/estatisticas/indicadores-criminais/estrupo;;1;Estupros em Pernambuco;Base de dados sobre ocorrências de estupro registradas no estado de Pernambuco.;"O crime de estupro, um dos mais repugnantes de nossa legislação, antes cometido apenas contra a mulher, agora podendo ser cometido contra pessoas do sexo masculino, consoante lei 12.015/09 publicada em agosto de 2009, sofreu uma dupla classificação. A nossa legislação contempla o crime de estupro (art. 213 CPB), cujas vítimas podem ser qualquer pessoa, exceto as menores de 14 anos, ou pessoa que, por enfermidade ou deficiência mental não tiver o necessário discernimento para a prática do ato, ou que, por qualquer outra causa, não puder oferecer resistência, sendo nesses casos o estupro de vulnerável (art. 217-A), inclusive os decorrentes de violência doméstica familiar. 

Não obstante, por causa da vitimização terciária, que representa a ausência de receptividade social em relação a vítima nesses casos, além do intenso sofrimento das vítimas, muitas vezes ela não registra esses casos, ou procura os órgãos policiais alguns dias depois do crime, o que dificulta a divulgação dessa estatística de maneira precisa logo após o fim do mês.

A quantidade desse indicador será definida pela soma de vítimas distintas do sexo feminino em ocorrências consumadas de estupro. Esta metodologia, implementada em março de 2026, foi aplicada retroativamente a toda a série histórica para garantir a consistência dos dados.das ocorrências de todos esses crimes praticados no Estado. Todavia, os microdados dispõem o detalhamento dos casos de estupro por natureza, bem como contempla as vítimas de ambos os sexos, como definido pela legislação vigente.";;Secretaria de Defesa Social de Pernambuco;Mensal;14;Dados originais;a[href$='.xlsx']
pe_crime_patrimonio;PE;https://www.sds.pe.gov.br/estatisticas/indicadores-criminais/crimes-contra-o-patrimonio;;1;Crimes contra o patrimônio em Pernambuco;Base de dados sobre ocorrências de crimes contra o patrimônio registradas no estado de Pernambuco.;"Entende-se por CVP todos os crimes classificados como roubo, extorsão mediante sequestro e roubo com restrição da liberdade da vítima, exceto o roubo seguido de morte (latrocínio) que já é contabilizado no indicador de Mortes Violentas Intencionais (MVI) e Crimes Violentos Letais e Intencionais (CVLI). Nesse sentido, o roubo é o ato de subtrair coisa alheia móvel, para si ou para outro, mediante grave ameaça ou violência à pessoa (ou não), ou depois de havê-la, por qualquer meio, reduzido à impossibilidade de resistência. Além desse indicador agregado, serão disponibilizados os dados de roubo a ônibus, veículo, carga, agência bancária, caixa-eletrônico e carro forte. Aqui, além dos crimes violentos contra o patrimônio, também serão apresentados os furtos de veículo, carga, agência bancária e caixa-eletrônico, que são aqueles crimes com subtração de coisa alheia móvel para sim ou para outrem, sem violência ou grave ameaça à pessoa.

Esses dados são coletados do Sistema INFOPOL (Sistema de ocorrências policiais da Secretaria de Defesa Social), sendo considerados apenas os casos registrados nos boletins de ocorrências da Polícia Civil, os quais poderão sofrer modificação posterior em razão das vítimas muitas vezes registrarem suas ocorrências nas delegacias ou delegacia pela internet dias depois do fato. Os dados serão periodicamente divulgados de maneira preliminar até o 5° dia do mês subsequente e de maneira consolidada até o 15º do mês subsequente. A quantidade desse indicador será definida pela soma das ocorrências de todos os tipos de roubo praticados no Estado.";;Secretaria de Defesa Social de Pernambuco;Mensal;14;Dados originais;a[href$='.xlsx']
rj_feminicidio;RJ;https://www.ispdados.rj.gov.br/CrimesVida.html;;1;Feminicídios no Rio de Janeiro;Base de dados sobre ocorrências de feminicídios registradas no estado do Rio de Janeiro.;;;Instituto de Segurança Pública do Rio de Janeiro;Mensal;13;Dados originais;a[href*='Feminicidio'][href$='.csv']
rs_seguranca;RS;https://www.ssp.rs.gov.br/dados-abertos;;1;Dados sobre a Segurança Pública do Rio Grande do Sul;;;;Secretaria da Segurança Pública do Rio Grande do Sul;Mensal;13;Dados originais;a[href$='.zip']:not([href*='semestre'])
